{
  "algorithm": "SB3-dqn",
  "timesteps": 200000,
  "eval_mean_return": -196.5859049,
  "eval_std_return": 796.4188751077922
}