{
  "episodes": 5.0,
  "mean_return": -148.20508177233182,
  "std_return": 82.25021730937347,
  "min_return": -194.0545470194956,
  "max_return": 16.207129114509755,
  "mean_waypoints_completed": 0.4,
  "max_waypoints_completed": 2.0,
  "route_completion_rate": 0.2,
  "landed_after_route_rate": 0.0,
  "mean_final_target_distance": 0.7779762446880341,
  "mean_episode_length": 740.2,
  "waypoint_count": 2.0
}