{
  "episodes": 3.0,
  "mean_return": -219.14280934135468,
  "std_return": 71.68626734090223,
  "min_return": -317.5623294266617,
  "max_return": -148.8717117927319,
  "mean_waypoints_completed": 0.3333333333333333,
  "max_waypoints_completed": 1.0,
  "route_completion_rate": 0.0,
  "landed_after_route_rate": 0.0,
  "mean_final_target_distance": 1.2945821285247803,
  "mean_episode_length": 72.0,
  "waypoint_count": 2.0
}