{
  "episodes": 5.0,
  "mean_return": -370.7726175971158,
  "std_return": 136.91752805502415,
  "min_return": -632.8357327093249,
  "max_return": -258.20091266816,
  "mean_waypoints_completed": 0.0,
  "max_waypoints_completed": 0.0,
  "route_completion_rate": 0.0,
  "landed_after_route_rate": 0.0,
  "mean_final_target_distance": 4.8537709474563595,
  "mean_episode_length": 121.4,
  "waypoint_count": 2.0
}