{
  "episodes": 3.0,
  "mean_return": -231.93044025699646,
  "std_return": 59.23591255525875,
  "min_return": -315.6777333172714,
  "max_return": -188.28671373185557,
  "mean_waypoints_completed": 0.0,
  "max_waypoints_completed": 0.0,
  "route_completion_rate": 0.0,
  "landed_after_route_rate": 0.0,
  "mean_final_target_distance": 1.1522472500801086,
  "mean_episode_length": 72.0,
  "waypoint_count": 1.0
}