{
  "episodes": 3.0,
  "mean_return": -243.01263040616277,
  "std_return": 27.332894422283022,
  "min_return": -268.37543070746057,
  "max_return": -205.06906592015116,
  "mean_waypoints_completed": 0.0,
  "max_waypoints_completed": 0.0,
  "route_completion_rate": 0.0,
  "landed_after_route_rate": 0.0,
  "mean_final_target_distance": 1.1516163349151611,
  "mean_episode_length": 71.33333333333333,
  "waypoint_count": 1.0
}