episode,team_return,landed,impacts,epsilon,steps
1,-16.485543974799782,0,0,0.9999525011874801,5
