{
  "episodes": 3.0,
  "mean_return": -172.25879391034445,
  "std_return": 52.80537820328615,
  "min_return": -212.3844563961029,
  "max_return": -97.65184879302979,
  "mean_waypoints_completed": 0.3333333333333333,
  "max_waypoints_completed": 1.0,
  "route_completion_rate": 0.0,
  "landed_after_route_rate": 0.0,
  "mean_final_target_distance": 1.2733257412910461,
  "mean_episode_length": 72.0,
  "waypoint_count": 8.0
}