episode,return,best_return,steps
1,-143.72866710260695,-143.72866710260695,105
2,-298.46840805592416,-143.72866710260695,108
3,-259.23491789400543,-143.72866710260695,92
4,-128.4191816369369,-128.4191816369369,60
5,-258.50287625662486,-128.4191816369369,101
