{
  "episodes": 3.0,
  "mean_return": -154.96997548966672,
  "std_return": 26.50182022120345,
  "min_return": -180.82563472003045,
  "max_return": -118.54462734852211,
  "mean_waypoints_completed": 0.6666666666666666,
  "max_waypoints_completed": 1.0,
  "route_completion_rate": 0.0,
  "landed_after_route_rate": 0.0,
  "mean_final_target_distance": 0.9086683442195257,
  "mean_episode_length": 478.6666666666667,
  "waypoint_count": 2.0
}