{
  "episodes": 3.0,
  "mean_return": -250.13181913800068,
  "std_return": 5.396176960304541,
  "min_return": -256.7300921098602,
  "max_return": -243.5122633981207,
  "mean_waypoints_completed": 0.0,
  "max_waypoints_completed": 0.0,
  "route_completion_rate": 0.0,
  "landed_after_route_rate": 0.0,
  "touchdown_after_route_rate": 0.0,
  "settled_after_route_rate": 0.0,
  "mean_final_target_distance": 1.2082587083180745,
  "mean_episode_length": 55.666666666666664,
  "waypoint_count": 2.0
}