{
  "episodes": 3.0,
  "mean_return": -214.49326157569885,
  "std_return": 5.055288834668046,
  "min_return": -218.3813440799713,
  "max_return": -207.35345005989075,
  "mean_waypoints_completed": 0.0,
  "max_waypoints_completed": 0.0,
  "route_completion_rate": 0.0,
  "landed_after_route_rate": 0.0,
  "mean_final_target_distance": 1.380529483159383,
  "mean_episode_length": 108.0,
  "waypoint_count": 8.0
}