{
  "results": {
    "q_learning": {
      "mean_return": -130.95536527353136,
      "std_return": 41.31549450885979,
      "min_return": -172.27085978239114,
      "max_return": -89.63987076467156
    },
    "dqn": {
      "mean_return": -251.799706364886,
      "std_return": 91.59389622122043,
      "min_return": -343.39360258610645,
      "max_return": -160.20581014366556
    },
    "ppo": {
      "mean_return": -261.93062738319077,
      "std_return": 12.590297648196497,
      "min_return": -274.52092503138726,
      "max_return": -249.34032973499427
    },
    "actor_critic": {
      "mean_return": -358.0456768485729,
      "std_return": 58.74592037347446,
      "min_return": -416.79159722204736,
      "max_return": -299.29975647509843
    }
  }
}